"TIME","SCORE"
"62.3849983215332","1.0"
"363.07501220703125","1.0"
"664.9019775390625","0.0"
