 TIME , SCORE , F1 , F2 , FORMANT_FOUND , Sequence 
 59.512001037597656 , 464.0 , 672.9 , 1882.5 , F2 , 0.23" 0.88" 0.93" 0.14" 0.61" 0.15" 0.93" 0.04" 0.74" 0.36" 0.64" 0.76" -0.5" 0.48" 0.95" 0.27"  
 117.86000061035156 , 193.0 , 329.0 , 1962.9 , F2 , 0.58" 0.21" 0.24" 0.5" 0.6" 0.25" 0.63" 0.6" 0.72" 0.98" 0.7" 0.95" -0.5" -0.44" 0.14" 0.5"  
 117.86199951171875 , 193.0 , 329.0 , 1962.9 , F2 , 0.58" 0.21" 0.24" 0.5" 0.6" 0.25" 0.63" 0.6" 0.72" 0.98" 0.7" 0.95" -0.5" -0.44" 0.14" 0.5"  
