 TIME , SCORE , F1 , F2 , FORMANT_FOUND , Sequence 
 61.29399871826172 , 846.0 , 466.9 , 2503.6 , none , 0.76" 1.0" 0.76" 0.97" 0.07" 0.19" 0.19" 0.39" 0.88" 0.84" 0.58" 0.72" 0.2" -0.49" 0.95" 0.31"  
 122.34400177001953 , 152.0 , 740.9 , 2003.2 , F2 , 0.76" 0.34" 0.8" 0.34" 0.49" 0.19" 0.19" 0.39" 0.88" 0.84" 0.58" 0.72" 0.2" -0.49" 0.95" 0.31"  
