 TIME , SCORE , F1 , F2 , FORMANT_FOUND , Sequence 
 60.26900100708008 , 512.0 , 760.6 , 1922.8 , F2 , 0.93" 1.0" 0.1" 0.09" 0.48" 0.07" 0.05" 0.83" 0.14" 0.66" 0.02" 0.02" -0.38" -0.27" 0.33" 0.23"  
 119.5479965209961 , 523.0 , 778.6 , 1929.6 , F2 , 0.93" 1.0" 0.1" 0.09" 0.48" 0.07" 0.05" 0.83" 0.14" 0.66" 0.02" 0.02" -0.38" -0.27" 0.33" 0.23"  
 179.06300354003906 , 359.0 , 752.2 , 2067.2 , F2 , 0.48" 0.09" 0.15" 0.04" 0.62" 0.75" 1.0" 0.64" 0.37" 0.73" 0.83" 0.62" -0.02" 0.11" 0.33" 0.73"  
 238.66099548339844 , 268.0 , 231.4 , 1984.1 , F2 , 0.48" 0.09" 0.15" 0.04" 0.62" 0.75" 1.0" 0.64" 0.57" 0.98" 0.09" 0.18" -0.38" -0.27" 0.33" 0.23"  
 297.92999267578125 , 268.0 , 231.4 , 1984.1 , F2 , 0.48" 0.09" 0.15" 0.04" 0.62" 0.75" 1.0" 0.64" 0.57" 0.98" 0.09" 0.18" -0.38" -0.27" 0.33" 0.23"  
 357.2760009765625 , 135.0 , 283.2 , 2094.1 , F2 , 0.03" 0.09" 0.15" 0.79" 0.66" 0.75" 1.0" 0.64" 0.57" 0.98" 0.09" 0.18" -0.38" -0.27" 0.33" 0.23"  
 357.27801513671875 , 135.0 , 283.2 , 2094.1 , F2 , 0.03" 0.09" 0.15" 0.79" 0.66" 0.75" 1.0" 0.64" 0.57" 0.98" 0.09" 0.18" -0.38" -0.27" 0.33" 0.23"  
